{"dds": 0.00015211105346679688, "cdds": 0.05124473571777344, "pf": 0.00011110305786132812, "ch": 0.004847288131713867}