ev_0,ev_1,dds,cdds,pf,ch
2.0,3.0,1.0,1.0,0.0,0.0
4.529999999999999,6.118,1.0,1.0,1.0,1.0
3.3659999999999997,2.75,1.0,1.0,0.0,0.0
3.4899999999999998,2.254,1.0,1.0,0.0,0.0
